data,loja,quantidade de vendas
2024-01-01,1,80
2024-01-01,2,84
2024-01-01,3,100
2024-01-01,4,118
2024-01-01,5,108
2024-01-02,1,75
2024-01-02,2,98
2024-01-02,3,101
2024-01-02,4,97
2024-01-02,5,116
2024-01-03,1,73
2024-01-03,2,81
2024-01-03,3,96
2024-01-03,4,82
2024-01-03,5,91
2024-01-04,1,72
2024-01-04,2,76
2024-01-04,3,96
2024-01-04,4,93
2024-01-04,5,95
2024-01-05,1,88
2024-01-05,2,83
2024-01-05,3,94
2024-01-05,4,87
2024-01-05,5,104
2024-01-06,1,77
2024-01-06,2,75
2024-01-06,3,97
2024-01-06,4,96
2024-01-06,5,107
2024-01-07,1,72
2024-01-07,2,101
2024-01-07,3,93
2024-01-07,4,91
2024-01-07,5,120
2024-01-08,1,67
2024-01-08,2,87
2024-01-08,3,75
2024-01-08,4,88
2024-01-08,5,113
2024-01-09,1,82
2024-01-09,2,86
2024-01-09,3,92
2024-01-09,4,99
2024-01-09,5,94
2024-01-10,1,71
2024-01-10,2,81
2024-01-10,3,103
2024-01-10,4,106
2024-01-10,5,91
2024-01-11,1,79
2024-01-11,2,82
2024-01-11,3,87
2024-01-11,4,108
2024-01-11,5,122
2024-01-12,1,84
2024-01-12,2,78
2024-01-12,3,91
2024-01-12,4,105
2024-01-12,5,121
2024-01-13,1,73
2024-01-13,2,83
2024-01-13,3,83
2024-01-13,4,90
2024-01-13,5,119
2024-01-14,1,87
2024-01-14,2,84
2024-01-14,3,103
2024-01-14,4,106
2024-01-14,5,103
2024-01-15,1,79
2024-01-15,2,98
2024-01-15,3,93
2024-01-15,4,118
2024-01-15,5,82
2024-01-16,1,83
2024-01-16,2,86
2024-01-16,3,91
2024-01-16,4,103
2024-01-16,5,89
2024-01-17,1,75
2024-01-17,2,88
2024-01-17,3,107
2024-01-17,4,97
2024-01-17,5,102
2024-01-18,1,73
2024-01-18,2,93
2024-01-18,3,97
2024-01-18,4,97
2024-01-18,5,116
2024-01-19,1,77
2024-01-19,2,93
2024-01-19,3,87
2024-01-19,4,99
2024-01-19,5,106
2024-01-20,1,65
2024-01-20,2,88
2024-01-20,3,96
2024-01-20,4,102
2024-01-20,5,108
2024-01-21,1,66
2024-01-21,2,81
2024-01-21,3,90
2024-01-21,4,94
2024-01-21,5,109
2024-01-22,1,80
2024-01-22,2,101
2024-01-22,3,95
2024-01-22,4,105
2024-01-22,5,110
2024-01-23,1,62
2024-01-23,2,85
2024-01-23,3,94
2024-01-23,4,127
2024-01-23,5,108
2024-01-24,1,79
2024-01-24,2,85
2024-01-24,3,83
2024-01-24,4,114
2024-01-24,5,119
2024-01-25,1,83
2024-01-25,2,77
2024-01-25,3,107
2024-01-25,4,88
2024-01-25,5,117
2024-01-26,1,93
2024-01-26,2,77
2024-01-26,3,88
2024-01-26,4,103
2024-01-26,5,105
2024-01-27,1,65
2024-01-27,2,86
2024-01-27,3,84
2024-01-27,4,107
2024-01-27,5,100
2024-01-28,1,88
2024-01-28,2,78
2024-01-28,3,90
2024-01-28,4,110
2024-01-28,5,97
2024-01-29,1,78
2024-01-29,2,96
2024-01-29,3,78
2024-01-29,4,104
2024-01-29,5,113
2024-01-30,1,82
2024-01-30,2,74
2024-01-30,3,81
2024-01-30,4,107
2024-01-30,5,114
2024-01-31,1,78
2024-01-31,2,88
2024-01-31,3,87
2024-01-31,4,104
2024-01-31,5,114
2024-02-01,1,84
2024-02-01,2,119
2024-02-01,3,115
2024-02-01,4,106
2024-02-01,5,139
2024-02-02,1,81
2024-02-02,2,108
2024-02-02,3,123
2024-02-02,4,110
2024-02-02,5,143
2024-02-03,1,94
2024-02-03,2,108
2024-02-03,3,131
2024-02-03,4,117
2024-02-03,5,120
2024-02-04,1,82
2024-02-04,2,92
2024-02-04,3,109
2024-02-04,4,124
2024-02-04,5,134
2024-02-05,1,97
2024-02-05,2,100
2024-02-05,3,126
2024-02-05,4,117
2024-02-05,5,165
2024-02-06,1,96
2024-02-06,2,91
2024-02-06,3,98
2024-02-06,4,126
2024-02-06,5,127
2024-02-07,1,96
2024-02-07,2,105
2024-02-07,3,109
2024-02-07,4,110
2024-02-07,5,110
2024-02-08,1,86
2024-02-08,2,109
2024-02-08,3,112
2024-02-08,4,105
2024-02-08,5,132
2024-02-09,1,93
2024-02-09,2,91
2024-02-09,3,112
2024-02-09,4,121
2024-02-09,5,115
2024-02-10,1,93
2024-02-10,2,106
2024-02-10,3,122
2024-02-10,4,133
2024-02-10,5,112
2024-02-11,1,82
2024-02-11,2,105
2024-02-11,3,116
2024-02-11,4,126
2024-02-11,5,180
2024-02-12,1,95
2024-02-12,2,111
2024-02-12,3,120
2024-02-12,4,128
2024-02-12,5,126
2024-02-13,1,97
2024-02-13,2,92
2024-02-13,3,107
2024-02-13,4,114
2024-02-13,5,131
2024-02-14,1,111
2024-02-14,2,81
2024-02-14,3,118
2024-02-14,4,101
2024-02-14,5,124
2024-02-15,1,100
2024-02-15,2,101
2024-02-15,3,98
2024-02-15,4,111
2024-02-15,5,139
2024-02-16,1,83
2024-02-16,2,102
2024-02-16,3,111
2024-02-16,4,112
2024-02-16,5,158
2024-02-17,1,96
2024-02-17,2,80
2024-02-17,3,112
2024-02-17,4,112
2024-02-17,5,141
2024-02-18,1,83
2024-02-18,2,99
2024-02-18,3,116
2024-02-18,4,130
2024-02-18,5,114
2024-02-19,1,87
2024-02-19,2,95
2024-02-19,3,103
2024-02-19,4,141
2024-02-19,5,135
2024-02-20,1,79
2024-02-20,2,109
2024-02-20,3,133
2024-02-20,4,132
2024-02-20,5,110
2024-02-21,1,86
2024-02-21,2,113
2024-02-21,3,102
2024-02-21,4,125
2024-02-21,5,140
2024-02-22,1,82
2024-02-22,2,99
2024-02-22,3,74
2024-02-22,4,108
2024-02-22,5,127
2024-02-23,1,79
2024-02-23,2,116
2024-02-23,3,94
2024-02-23,4,115
2024-02-23,5,132
2024-02-24,1,103
2024-02-24,2,86
2024-02-24,3,123
2024-02-24,4,120
2024-02-24,5,117
2024-02-25,1,94
2024-02-25,2,102
2024-02-25,3,103
2024-02-25,4,121
2024-02-25,5,125
2024-02-26,1,91
2024-02-26,2,107
2024-02-26,3,127
2024-02-26,4,105
2024-02-26,5,158
2024-02-27,1,72
2024-02-27,2,98
2024-02-27,3,116
2024-02-27,4,123
2024-02-27,5,122
2024-02-28,1,88
2024-02-28,2,95
2024-02-28,3,104
2024-02-28,4,130
2024-02-28,5,135
2024-02-29,1,84
2024-02-29,2,109
2024-02-29,3,113
2024-02-29,4,130
2024-02-29,5,138
2024-03-01,1,83
2024-03-01,2,94
2024-03-01,3,118
2024-03-01,4,127
2024-03-01,5,130
2024-03-02,1,91
2024-03-02,2,113
2024-03-02,3,103
2024-03-02,4,127
2024-03-02,5,127
2024-03-03,1,88
2024-03-03,2,111
2024-03-03,3,119
2024-03-03,4,130
2024-03-03,5,147
2024-03-04,1,90
2024-03-04,2,107
2024-03-04,3,107
2024-03-04,4,124
2024-03-04,5,128
2024-03-05,1,91
2024-03-05,2,106
2024-03-05,3,101
2024-03-05,4,145
2024-03-05,5,117
2024-03-06,1,79
2024-03-06,2,112
2024-03-06,3,119
2024-03-06,4,127
2024-03-06,5,138
2024-03-07,1,90
2024-03-07,2,91
2024-03-07,3,111
2024-03-07,4,112
2024-03-07,5,143
2024-03-08,1,89
2024-03-08,2,92
2024-03-08,3,106
2024-03-08,4,125
2024-03-08,5,123
2024-03-09,1,83
2024-03-09,2,102
2024-03-09,3,113
2024-03-09,4,114
2024-03-09,5,124
2024-03-10,1,92
2024-03-10,2,86
2024-03-10,3,95
2024-03-10,4,111
2024-03-10,5,127
2024-03-11,1,93
2024-03-11,2,115
2024-03-11,3,119
2024-03-11,4,118
2024-03-11,5,130
2024-03-12,1,81
2024-03-12,2,100
2024-03-12,3,107
2024-03-12,4,124
2024-03-12,5,119
2024-03-13,1,95
2024-03-13,2,115
2024-03-13,3,109
2024-03-13,4,125
2024-03-13,5,139
2024-03-14,1,86
2024-03-14,2,102
2024-03-14,3,110
2024-03-14,4,121
2024-03-14,5,120
2024-03-15,1,90
2024-03-15,2,105
2024-03-15,3,126
2024-03-15,4,132
2024-03-15,5,158
2024-03-16,1,83
2024-03-16,2,109
2024-03-16,3,112
2024-03-16,4,146
2024-03-16,5,119
2024-03-17,1,82
2024-03-17,2,94
2024-03-17,3,87
2024-03-17,4,114
2024-03-17,5,120
2024-03-18,1,91
2024-03-18,2,103
2024-03-18,3,131
2024-03-18,4,131
2024-03-18,5,123
2024-03-19,1,82
2024-03-19,2,105
2024-03-19,3,95
2024-03-19,4,142
2024-03-19,5,145
2024-03-20,1,86
2024-03-20,2,83
2024-03-20,3,125
2024-03-20,4,119
2024-03-20,5,146
2024-03-21,1,76
2024-03-21,2,94
2024-03-21,3,110
2024-03-21,4,121
2024-03-21,5,124
2024-03-22,1,96
2024-03-22,2,89
2024-03-22,3,108
2024-03-22,4,121
2024-03-22,5,137
2024-03-23,1,96
2024-03-23,2,89
2024-03-23,3,93
2024-03-23,4,135
2024-03-23,5,134
2024-03-24,1,83
2024-03-24,2,116
2024-03-24,3,111
2024-03-24,4,134
2024-03-24,5,131
2024-03-25,1,109
2024-03-25,2,118
2024-03-25,3,107
2024-03-25,4,132
2024-03-25,5,138
2024-03-26,1,102
2024-03-26,2,90
2024-03-26,3,118
2024-03-26,4,133
2024-03-26,5,107
2024-03-27,1,79
2024-03-27,2,80
2024-03-27,3,107
2024-03-27,4,129
2024-03-27,5,150
2024-03-28,1,91
2024-03-28,2,116
2024-03-28,3,95
2024-03-28,4,100
2024-03-28,5,129
2024-03-29,1,93
2024-03-29,2,100
2024-03-29,3,87
2024-03-29,4,119
2024-03-29,5,113
2024-03-30,1,96
2024-03-30,2,104
2024-03-30,3,100
2024-03-30,4,114
2024-03-30,5,116
2024-03-31,1,89
2024-03-31,2,110
2024-03-31,3,99
2024-03-31,4,126
2024-03-31,5,123
2024-04-01,1,83
2024-04-01,2,99
2024-04-01,3,99
2024-04-01,4,113
2024-04-01,5,114
2024-04-02,1,108
2024-04-02,2,100
2024-04-02,3,102
2024-04-02,4,123
2024-04-02,5,129
2024-04-03,1,88
2024-04-03,2,106
2024-04-03,3,118
2024-04-03,4,114
2024-04-03,5,123
2024-04-04,1,88
2024-04-04,2,77
2024-04-04,3,93
2024-04-04,4,136
2024-04-04,5,151
2024-04-05,1,88
2024-04-05,2,106
2024-04-05,3,113
2024-04-05,4,157
2024-04-05,5,145
2024-04-06,1,89
2024-04-06,2,90
2024-04-06,3,92
2024-04-06,4,122
2024-04-06,5,120
2024-04-07,1,77
2024-04-07,2,94
2024-04-07,3,98
2024-04-07,4,140
2024-04-07,5,141
2024-04-08,1,90
2024-04-08,2,115
2024-04-08,3,111
2024-04-08,4,110
2024-04-08,5,150
2024-04-09,1,95
2024-04-09,2,90
2024-04-09,3,108
2024-04-09,4,109
2024-04-09,5,112
2024-04-10,1,98
2024-04-10,2,119
2024-04-10,3,95
2024-04-10,4,127
2024-04-10,5,122
2024-04-11,1,86
2024-04-11,2,94
2024-04-11,3,100
2024-04-11,4,121
2024-04-11,5,119
2024-04-12,1,92
2024-04-12,2,99
2024-04-12,3,107
2024-04-12,4,109
2024-04-12,5,123
2024-04-13,1,97
2024-04-13,2,105
2024-04-13,3,99
2024-04-13,4,121
2024-04-13,5,140
2024-04-14,1,75
2024-04-14,2,105
2024-04-14,3,103
2024-04-14,4,127
2024-04-14,5,120
2024-04-15,1,74
2024-04-15,2,84
2024-04-15,3,111
2024-04-15,4,123
2024-04-15,5,118
2024-04-16,1,96
2024-04-16,2,83
2024-04-16,3,109
2024-04-16,4,105
2024-04-16,5,122
2024-04-17,1,90
2024-04-17,2,91
2024-04-17,3,106
2024-04-17,4,132
2024-04-17,5,123
2024-04-18,1,98
2024-04-18,2,89
2024-04-18,3,116
2024-04-18,4,137
2024-04-18,5,98
2024-04-19,1,83
2024-04-19,2,106
2024-04-19,3,108
2024-04-19,4,124
2024-04-19,5,122
2024-04-20,1,91
2024-04-20,2,98
2024-04-20,3,123
2024-04-20,4,123
2024-04-20,5,134
2024-04-21,1,86
2024-04-21,2,95
2024-04-21,3,105
2024-04-21,4,125
2024-04-21,5,125
2024-04-22,1,93
2024-04-22,2,121
2024-04-22,3,120
2024-04-22,4,116
2024-04-22,5,146
2024-04-23,1,86
2024-04-23,2,80
2024-04-23,3,99
2024-04-23,4,98
2024-04-23,5,125
2024-04-24,1,90
2024-04-24,2,117
2024-04-24,3,114
2024-04-24,4,117
2024-04-24,5,141
2024-04-25,1,70
2024-04-25,2,102
2024-04-25,3,118
2024-04-25,4,102
2024-04-25,5,145
2024-04-26,1,93
2024-04-26,2,96
2024-04-26,3,117
2024-04-26,4,147
2024-04-26,5,132
2024-04-27,1,92
2024-04-27,2,95
2024-04-27,3,101
2024-04-27,4,130
2024-04-27,5,119
2024-04-28,1,91
2024-04-28,2,95
2024-04-28,3,115
2024-04-28,4,124
2024-04-28,5,143
2024-04-29,1,85
2024-04-29,2,97
2024-04-29,3,99
2024-04-29,4,115
2024-04-29,5,135
2024-04-30,1,97
2024-04-30,2,91
2024-04-30,3,120
2024-04-30,4,136
2024-04-30,5,135
2024-05-01,1,107
2024-05-01,2,92
2024-05-01,3,96
2024-05-01,4,99
2024-05-01,5,149
2024-05-02,1,96
2024-05-02,2,99
2024-05-02,3,113
2024-05-02,4,106
2024-05-02,5,162
2024-05-03,1,91
2024-05-03,2,101
2024-05-03,3,118
2024-05-03,4,126
2024-05-03,5,133
2024-05-04,1,83
2024-05-04,2,105
2024-05-04,3,131
2024-05-04,4,136
2024-05-04,5,151
2024-05-05,1,85
2024-05-05,2,90
2024-05-05,3,109
2024-05-05,4,121
2024-05-05,5,144
2024-05-06,1,75
2024-05-06,2,115
2024-05-06,3,108
2024-05-06,4,115
2024-05-06,5,117
2024-05-07,1,75
2024-05-07,2,108
2024-05-07,3,111
2024-05-07,4,105
2024-05-07,5,113
2024-05-08,1,87
2024-05-08,2,117
2024-05-08,3,107
2024-05-08,4,102
2024-05-08,5,127
2024-05-09,1,88
2024-05-09,2,73
2024-05-09,3,109
2024-05-09,4,117
2024-05-09,5,139
2024-05-10,1,107
2024-05-10,2,111
2024-05-10,3,107
2024-05-10,4,107
2024-05-10,5,163
2024-05-11,1,91
2024-05-11,2,100
2024-05-11,3,110
2024-05-11,4,122
2024-05-11,5,128
2024-05-12,1,85
2024-05-12,2,95
2024-05-12,3,110
2024-05-12,4,113
2024-05-12,5,121
2024-05-13,1,91
2024-05-13,2,97
2024-05-13,3,127
2024-05-13,4,88
2024-05-13,5,144
2024-05-14,1,101
2024-05-14,2,79
2024-05-14,3,106
2024-05-14,4,116
2024-05-14,5,112
2024-05-15,1,83
2024-05-15,2,89
2024-05-15,3,129
2024-05-15,4,131
2024-05-15,5,147
2024-05-16,1,96
2024-05-16,2,89
2024-05-16,3,104
2024-05-16,4,126
2024-05-16,5,114
2024-05-17,1,96
2024-05-17,2,98
2024-05-17,3,106
2024-05-17,4,129
2024-05-17,5,136
2024-05-18,1,87
2024-05-18,2,112
2024-05-18,3,98
2024-05-18,4,127
2024-05-18,5,138
2024-05-19,1,87
2024-05-19,2,103
2024-05-19,3,96
2024-05-19,4,131
2024-05-19,5,128
2024-05-20,1,85
2024-05-20,2,110
2024-05-20,3,102
2024-05-20,4,103
2024-05-20,5,110
2024-05-21,1,95
2024-05-21,2,87
2024-05-21,3,129
2024-05-21,4,95
2024-05-21,5,152
2024-05-22,1,92
2024-05-22,2,99
2024-05-22,3,104
2024-05-22,4,125
2024-05-22,5,130
2024-05-23,1,100
2024-05-23,2,101
2024-05-23,3,112
2024-05-23,4,116
2024-05-23,5,129
2024-05-24,1,93
2024-05-24,2,83
2024-05-24,3,95
2024-05-24,4,129
2024-05-24,5,132
2024-05-25,1,88
2024-05-25,2,100
2024-05-25,3,114
2024-05-25,4,114
2024-05-25,5,120
2024-05-26,1,92
2024-05-26,2,90
2024-05-26,3,114
2024-05-26,4,100
2024-05-26,5,143
2024-05-27,1,94
2024-05-27,2,103
2024-05-27,3,121
2024-05-27,4,140
2024-05-27,5,143
2024-05-28,1,73
2024-05-28,2,87
2024-05-28,3,103
2024-05-28,4,120
2024-05-28,5,137
2024-05-29,1,83
2024-05-29,2,102
2024-05-29,3,102
2024-05-29,4,113
2024-05-29,5,112
2024-05-30,1,82
2024-05-30,2,86
2024-05-30,3,99
2024-05-30,4,133
2024-05-30,5,118
2024-05-31,1,114
2024-05-31,2,105
2024-05-31,3,112
2024-05-31,4,110
2024-05-31,5,139
2024-06-01,1,85
2024-06-01,2,101
2024-06-01,3,138
2024-06-01,4,119
2024-06-01,5,145
2024-06-02,1,84
2024-06-02,2,100
2024-06-02,3,129
2024-06-02,4,112
2024-06-02,5,154
2024-06-03,1,96
2024-06-03,2,94
2024-06-03,3,117
2024-06-03,4,132
2024-06-03,5,138
2024-06-04,1,76
2024-06-04,2,93
2024-06-04,3,107
2024-06-04,4,119
2024-06-04,5,138
2024-06-05,1,92
2024-06-05,2,87
2024-06-05,3,114
2024-06-05,4,127
2024-06-05,5,137
2024-06-06,1,100
2024-06-06,2,108
2024-06-06,3,115
2024-06-06,4,119
2024-06-06,5,108
2024-06-07,1,94
2024-06-07,2,102
2024-06-07,3,113
2024-06-07,4,105
2024-06-07,5,116
2024-06-08,1,99
2024-06-08,2,100
2024-06-08,3,117
2024-06-08,4,120
2024-06-08,5,130
2024-06-09,1,98
2024-06-09,2,95
2024-06-09,3,111
2024-06-09,4,114
2024-06-09,5,124
2024-06-10,1,87
2024-06-10,2,102
2024-06-10,3,105
2024-06-10,4,135
2024-06-10,5,118
2024-06-11,1,88
2024-06-11,2,96
2024-06-11,3,126
2024-06-11,4,122
2024-06-11,5,143
2024-06-12,1,77
2024-06-12,2,103
2024-06-12,3,120
2024-06-12,4,121
2024-06-12,5,144
2024-06-13,1,85
2024-06-13,2,114
2024-06-13,3,135
2024-06-13,4,116
2024-06-13,5,124
2024-06-14,1,103
2024-06-14,2,116
2024-06-14,3,104
2024-06-14,4,115
2024-06-14,5,126
2024-06-15,1,78
2024-06-15,2,91
2024-06-15,3,99
2024-06-15,4,111
2024-06-15,5,130
2024-06-16,1,92
2024-06-16,2,116
2024-06-16,3,99
2024-06-16,4,132
2024-06-16,5,127
2024-06-17,1,90
2024-06-17,2,107
2024-06-17,3,98
2024-06-17,4,125
2024-06-17,5,132
2024-06-18,1,94
2024-06-18,2,103
2024-06-18,3,137
2024-06-18,4,112
2024-06-18,5,123
2024-06-19,1,84
2024-06-19,2,94
2024-06-19,3,103
2024-06-19,4,134
2024-06-19,5,148
2024-06-20,1,85
2024-06-20,2,92
2024-06-20,3,115
2024-06-20,4,113
2024-06-20,5,138
2024-06-21,1,92
2024-06-21,2,85
2024-06-21,3,127
2024-06-21,4,142
2024-06-21,5,122
2024-06-22,1,87
2024-06-22,2,103
2024-06-22,3,114
2024-06-22,4,128
2024-06-22,5,156
2024-06-23,1,88
2024-06-23,2,92
2024-06-23,3,95
2024-06-23,4,111
2024-06-23,5,130
2024-06-24,1,106
2024-06-24,2,95
2024-06-24,3,112
2024-06-24,4,120
2024-06-24,5,145
2024-06-25,1,113
2024-06-25,2,95
2024-06-25,3,105
2024-06-25,4,133
2024-06-25,5,139
2024-06-26,1,107
2024-06-26,2,106
2024-06-26,3,106
2024-06-26,4,127
2024-06-26,5,144
2024-06-27,1,97
2024-06-27,2,105
2024-06-27,3,122
2024-06-27,4,134
2024-06-27,5,148
2024-06-28,1,96
2024-06-28,2,98
2024-06-28,3,112
2024-06-28,4,134
2024-06-28,5,119
2024-06-29,1,93
2024-06-29,2,96
2024-06-29,3,110
2024-06-29,4,135
2024-06-29,5,132
2024-06-30,1,90
2024-06-30,2,86
2024-06-30,3,118
2024-06-30,4,128
2024-06-30,5,158
2024-07-01,1,96
2024-07-01,2,112
2024-07-01,3,124
2024-07-01,4,153
2024-07-01,5,142
2024-07-02,1,102
2024-07-02,2,117
2024-07-02,3,123
2024-07-02,4,126
2024-07-02,5,146
2024-07-03,1,110
2024-07-03,2,99
2024-07-03,3,123
2024-07-03,4,123
2024-07-03,5,160
2024-07-04,1,84
2024-07-04,2,104
2024-07-04,3,126
2024-07-04,4,153
2024-07-04,5,142
2024-07-05,1,94
2024-07-05,2,131
2024-07-05,3,103
2024-07-05,4,103
2024-07-05,5,149
2024-07-06,1,94
2024-07-06,2,99
2024-07-06,3,130
2024-07-06,4,135
2024-07-06,5,135
2024-07-07,1,86
2024-07-07,2,120
2024-07-07,3,129
2024-07-07,4,131
2024-07-07,5,169
2024-07-08,1,88
2024-07-08,2,93
2024-07-08,3,113
2024-07-08,4,131
2024-07-08,5,146
2024-07-09,1,97
2024-07-09,2,114
2024-07-09,3,106
2024-07-09,4,151
2024-07-09,5,142
2024-07-10,1,110
2024-07-10,2,114
2024-07-10,3,127
2024-07-10,4,140
2024-07-10,5,149
2024-07-11,1,105
2024-07-11,2,125
2024-07-11,3,123
2024-07-11,4,141
2024-07-11,5,142
2024-07-12,1,113
2024-07-12,2,103
2024-07-12,3,143
2024-07-12,4,131
2024-07-12,5,123
2024-07-13,1,100
2024-07-13,2,103
2024-07-13,3,131
2024-07-13,4,123
2024-07-13,5,137
2024-07-14,1,80
2024-07-14,2,105
2024-07-14,3,92
2024-07-14,4,111
2024-07-14,5,154
2024-07-15,1,107
2024-07-15,2,115
2024-07-15,3,109
2024-07-15,4,131
2024-07-15,5,143
2024-07-16,1,88
2024-07-16,2,127
2024-07-16,3,132
2024-07-16,4,129
2024-07-16,5,143
2024-07-17,1,101
2024-07-17,2,88
2024-07-17,3,118
2024-07-17,4,123
2024-07-17,5,129
2024-07-18,1,96
2024-07-18,2,130
2024-07-18,3,129
2024-07-18,4,124
2024-07-18,5,151
2024-07-19,1,113
2024-07-19,2,120
2024-07-19,3,122
2024-07-19,4,123
2024-07-19,5,153
2024-07-20,1,103
2024-07-20,2,120
2024-07-20,3,129
2024-07-20,4,146
2024-07-20,5,135
2024-07-21,1,112
2024-07-21,2,112
2024-07-21,3,146
2024-07-21,4,123
2024-07-21,5,168
2024-07-22,1,101
2024-07-22,2,103
2024-07-22,3,115
2024-07-22,4,128
2024-07-22,5,149
2024-07-23,1,104
2024-07-23,2,104
2024-07-23,3,121
2024-07-23,4,160
2024-07-23,5,168
2024-07-24,1,103
2024-07-24,2,110
2024-07-24,3,122
2024-07-24,4,140
2024-07-24,5,128
2024-07-25,1,96
2024-07-25,2,92
2024-07-25,3,126
2024-07-25,4,141
2024-07-25,5,136
2024-07-26,1,115
2024-07-26,2,97
2024-07-26,3,103
2024-07-26,4,135
2024-07-26,5,158
2024-07-27,1,116
2024-07-27,2,105
2024-07-27,3,134
2024-07-27,4,131
2024-07-27,5,141
2024-07-28,1,108
2024-07-28,2,117
2024-07-28,3,102
2024-07-28,4,151
2024-07-28,5,163
2024-07-29,1,93
2024-07-29,2,114
2024-07-29,3,127
2024-07-29,4,135
2024-07-29,5,135
2024-07-30,1,92
2024-07-30,2,110
2024-07-30,3,135
2024-07-30,4,139
2024-07-30,5,138
2024-07-31,1,107
2024-07-31,2,79
2024-07-31,3,135
2024-07-31,4,109
2024-07-31,5,138
2024-08-01,1,80
2024-08-01,2,87
2024-08-01,3,123
2024-08-01,4,114
2024-08-01,5,135
2024-08-02,1,90
2024-08-02,2,105
2024-08-02,3,111
2024-08-02,4,105
2024-08-02,5,143
2024-08-03,1,86
2024-08-03,2,84
2024-08-03,3,105
2024-08-03,4,138
2024-08-03,5,141
2024-08-04,1,87
2024-08-04,2,97
2024-08-04,3,106
2024-08-04,4,145
2024-08-04,5,135
2024-08-05,1,94
2024-08-05,2,110
2024-08-05,3,113
2024-08-05,4,117
2024-08-05,5,127
2024-08-06,1,89
2024-08-06,2,100
2024-08-06,3,118
2024-08-06,4,121
2024-08-06,5,140
2024-08-07,1,89
2024-08-07,2,101
2024-08-07,3,88
2024-08-07,4,131
2024-08-07,5,135
2024-08-08,1,99
2024-08-08,2,71
2024-08-08,3,133
2024-08-08,4,118
2024-08-08,5,144
2024-08-09,1,81
2024-08-09,2,106
2024-08-09,3,98
2024-08-09,4,113
2024-08-09,5,155
2024-08-10,1,88
2024-08-10,2,102
2024-08-10,3,120
2024-08-10,4,126
2024-08-10,5,132
2024-08-11,1,93
2024-08-11,2,124
2024-08-11,3,109
2024-08-11,4,122
2024-08-11,5,144
2024-08-12,1,100
2024-08-12,2,112
2024-08-12,3,117
2024-08-12,4,106
2024-08-12,5,151
2024-08-13,1,80
2024-08-13,2,103
2024-08-13,3,102
2024-08-13,4,119
2024-08-13,5,134
2024-08-14,1,93
2024-08-14,2,104
2024-08-14,3,128
2024-08-14,4,125
2024-08-14,5,127
2024-08-15,1,99
2024-08-15,2,112
2024-08-15,3,96
2024-08-15,4,127
2024-08-15,5,139
2024-08-16,1,87
2024-08-16,2,114
2024-08-16,3,108
2024-08-16,4,122
2024-08-16,5,128
2024-08-17,1,90
2024-08-17,2,89
2024-08-17,3,94
2024-08-17,4,139
2024-08-17,5,119
2024-08-18,1,81
2024-08-18,2,78
2024-08-18,3,103
2024-08-18,4,104
2024-08-18,5,151
2024-08-19,1,99
2024-08-19,2,93
2024-08-19,3,135
2024-08-19,4,132
2024-08-19,5,126
2024-08-20,1,68
2024-08-20,2,123
2024-08-20,3,95
2024-08-20,4,100
2024-08-20,5,143
2024-08-21,1,112
2024-08-21,2,114
2024-08-21,3,116
2024-08-21,4,127
2024-08-21,5,141
2024-08-22,1,97
2024-08-22,2,103
2024-08-22,3,111
2024-08-22,4,119
2024-08-22,5,120
2024-08-23,1,87
2024-08-23,2,83
2024-08-23,3,109
2024-08-23,4,108
2024-08-23,5,116
2024-08-24,1,92
2024-08-24,2,114
2024-08-24,3,120
2024-08-24,4,101
2024-08-24,5,117
2024-08-25,1,98
2024-08-25,2,90
2024-08-25,3,108
2024-08-25,4,127
2024-08-25,5,117
2024-08-26,1,91
2024-08-26,2,87
2024-08-26,3,103
2024-08-26,4,124
2024-08-26,5,109
2024-08-27,1,94
2024-08-27,2,100
2024-08-27,3,116
2024-08-27,4,123
2024-08-27,5,148
2024-08-28,1,91
2024-08-28,2,96
2024-08-28,3,111
2024-08-28,4,127
2024-08-28,5,131
2024-08-29,1,90
2024-08-29,2,93
2024-08-29,3,103
2024-08-29,4,103
2024-08-29,5,153
2024-08-30,1,79
2024-08-30,2,93
2024-08-30,3,102
2024-08-30,4,131
2024-08-30,5,126
2024-08-31,1,101
2024-08-31,2,93
2024-08-31,3,113
2024-08-31,4,110
2024-08-31,5,158
2024-09-01,1,79
2024-09-01,2,103
2024-09-01,3,117
2024-09-01,4,125
2024-09-01,5,128
2024-09-02,1,89
2024-09-02,2,100
2024-09-02,3,108
2024-09-02,4,132
2024-09-02,5,159
2024-09-03,1,85
2024-09-03,2,86
2024-09-03,3,109
2024-09-03,4,151
2024-09-03,5,120
2024-09-04,1,105
2024-09-04,2,117
2024-09-04,3,104
2024-09-04,4,127
2024-09-04,5,151
2024-09-05,1,87
2024-09-05,2,98
2024-09-05,3,104
2024-09-05,4,108
2024-09-05,5,122
2024-09-06,1,79
2024-09-06,2,100
2024-09-06,3,102
2024-09-06,4,123
2024-09-06,5,110
2024-09-07,1,93
2024-09-07,2,108
2024-09-07,3,88
2024-09-07,4,124
2024-09-07,5,146
2024-09-08,1,79
2024-09-08,2,117
2024-09-08,3,115
2024-09-08,4,112
2024-09-08,5,129
2024-09-09,1,95
2024-09-09,2,101
2024-09-09,3,116
2024-09-09,4,109
2024-09-09,5,132
2024-09-10,1,77
2024-09-10,2,99
2024-09-10,3,100
2024-09-10,4,111
2024-09-10,5,146
2024-09-11,1,100
2024-09-11,2,106
2024-09-11,3,98
2024-09-11,4,116
2024-09-11,5,146
2024-09-12,1,91
2024-09-12,2,123
2024-09-12,3,114
2024-09-12,4,122
2024-09-12,5,126
2024-09-13,1,91
2024-09-13,2,98
2024-09-13,3,118
2024-09-13,4,131
2024-09-13,5,120
2024-09-14,1,78
2024-09-14,2,82
2024-09-14,3,116
2024-09-14,4,107
2024-09-14,5,102
2024-09-15,1,93
2024-09-15,2,125
2024-09-15,3,110
2024-09-15,4,130
2024-09-15,5,131
2024-09-16,1,89
2024-09-16,2,109
2024-09-16,3,107
2024-09-16,4,123
2024-09-16,5,134
2024-09-17,1,84
2024-09-17,2,110
2024-09-17,3,108
2024-09-17,4,111
2024-09-17,5,137
2024-09-18,1,82
2024-09-18,2,100
2024-09-18,3,110
2024-09-18,4,133
2024-09-18,5,136
2024-09-19,1,90
2024-09-19,2,108
2024-09-19,3,125
2024-09-19,4,127
2024-09-19,5,130
2024-09-20,1,78
2024-09-20,2,89
2024-09-20,3,107
2024-09-20,4,113
2024-09-20,5,128
2024-09-21,1,91
2024-09-21,2,105
2024-09-21,3,109
2024-09-21,4,126
2024-09-21,5,131
2024-09-22,1,72
2024-09-22,2,91
2024-09-22,3,108
2024-09-22,4,105
2024-09-22,5,138
2024-09-23,1,104
2024-09-23,2,112
2024-09-23,3,108
2024-09-23,4,138
2024-09-23,5,132
2024-09-24,1,87
2024-09-24,2,94
2024-09-24,3,107
2024-09-24,4,115
2024-09-24,5,132
2024-09-25,1,91
2024-09-25,2,100
2024-09-25,3,115
2024-09-25,4,134
2024-09-25,5,142
2024-09-26,1,77
2024-09-26,2,74
2024-09-26,3,120
2024-09-26,4,104
2024-09-26,5,127
2024-09-27,1,79
2024-09-27,2,82
2024-09-27,3,116
2024-09-27,4,129
2024-09-27,5,123
2024-09-28,1,67
2024-09-28,2,95
2024-09-28,3,114
2024-09-28,4,102
2024-09-28,5,132
2024-09-29,1,90
2024-09-29,2,106
2024-09-29,3,111
2024-09-29,4,108
2024-09-29,5,146
2024-09-30,1,89
2024-09-30,2,100
2024-09-30,3,100
2024-09-30,4,115
2024-09-30,5,118
2024-10-01,1,88
2024-10-01,2,117
2024-10-01,3,95
2024-10-01,4,101
2024-10-01,5,149
2024-10-02,1,88
2024-10-02,2,93
2024-10-02,3,121
2024-10-02,4,113
2024-10-02,5,154
2024-10-03,1,96
2024-10-03,2,95
2024-10-03,3,134
2024-10-03,4,113
2024-10-03,5,140
2024-10-04,1,93
2024-10-04,2,113
2024-10-04,3,127
2024-10-04,4,120
2024-10-04,5,120
2024-10-05,1,94
2024-10-05,2,93
2024-10-05,3,132
2024-10-05,4,122
2024-10-05,5,125
2024-10-06,1,92
2024-10-06,2,87
2024-10-06,3,99
2024-10-06,4,134
2024-10-06,5,121
2024-10-07,1,81
2024-10-07,2,105
2024-10-07,3,123
2024-10-07,4,129
2024-10-07,5,143
2024-10-08,1,83
2024-10-08,2,86
2024-10-08,3,127
2024-10-08,4,116
2024-10-08,5,127
2024-10-09,1,102
2024-10-09,2,106
2024-10-09,3,115
2024-10-09,4,146
2024-10-09,5,122
2024-10-10,1,98
2024-10-10,2,101
2024-10-10,3,113
2024-10-10,4,138
2024-10-10,5,137
2024-10-11,1,95
2024-10-11,2,111
2024-10-11,3,106
2024-10-11,4,110
2024-10-11,5,116
2024-10-12,1,72
2024-10-12,2,121
2024-10-12,3,98
2024-10-12,4,117
2024-10-12,5,126
2024-10-13,1,93
2024-10-13,2,108
2024-10-13,3,119
2024-10-13,4,113
2024-10-13,5,128
2024-10-14,1,93
2024-10-14,2,98
2024-10-14,3,128
2024-10-14,4,126
2024-10-14,5,140
2024-10-15,1,96
2024-10-15,2,112
2024-10-15,3,112
2024-10-15,4,104
2024-10-15,5,135
2024-10-16,1,84
2024-10-16,2,95
2024-10-16,3,116
2024-10-16,4,135
2024-10-16,5,130
2024-10-17,1,93
2024-10-17,2,117
2024-10-17,3,113
2024-10-17,4,151
2024-10-17,5,137
2024-10-18,1,74
2024-10-18,2,108
2024-10-18,3,114
2024-10-18,4,135
2024-10-18,5,139
2024-10-19,1,89
2024-10-19,2,88
2024-10-19,3,108
2024-10-19,4,110
2024-10-19,5,122
2024-10-20,1,95
2024-10-20,2,117
2024-10-20,3,114
2024-10-20,4,106
2024-10-20,5,136
2024-10-21,1,101
2024-10-21,2,94
2024-10-21,3,109
2024-10-21,4,120
2024-10-21,5,120
2024-10-22,1,96
2024-10-22,2,99
2024-10-22,3,115
2024-10-22,4,109
2024-10-22,5,124
2024-10-23,1,97
2024-10-23,2,96
2024-10-23,3,129
2024-10-23,4,115
2024-10-23,5,133
2024-10-24,1,98
2024-10-24,2,86
2024-10-24,3,91
2024-10-24,4,102
2024-10-24,5,146
2024-10-25,1,85
2024-10-25,2,126
2024-10-25,3,104
2024-10-25,4,122
2024-10-25,5,150
2024-10-26,1,108
2024-10-26,2,121
2024-10-26,3,123
2024-10-26,4,132
2024-10-26,5,138
2024-10-27,1,97
2024-10-27,2,94
2024-10-27,3,101
2024-10-27,4,120
2024-10-27,5,128
2024-10-28,1,86
2024-10-28,2,107
2024-10-28,3,121
2024-10-28,4,121
2024-10-28,5,149
2024-10-29,1,80
2024-10-29,2,98
2024-10-29,3,102
2024-10-29,4,98
2024-10-29,5,129
2024-10-30,1,89
2024-10-30,2,115
2024-10-30,3,117
2024-10-30,4,108
2024-10-30,5,154
2024-10-31,1,101
2024-10-31,2,106
2024-10-31,3,108
2024-10-31,4,108
2024-10-31,5,125
2024-11-01,1,100
2024-11-01,2,119
2024-11-01,3,127
2024-11-01,4,114
2024-11-01,5,115
2024-11-02,1,91
2024-11-02,2,82
2024-11-02,3,114
2024-11-02,4,118
2024-11-02,5,124
2024-11-03,1,76
2024-11-03,2,105
2024-11-03,3,104
2024-11-03,4,106
2024-11-03,5,93
2024-11-04,1,90
2024-11-04,2,118
2024-11-04,3,128
2024-11-04,4,115
2024-11-04,5,122
2024-11-05,1,94
2024-11-05,2,90
2024-11-05,3,113
2024-11-05,4,129
2024-11-05,5,146
2024-11-06,1,89
2024-11-06,2,98
2024-11-06,3,100
2024-11-06,4,110
2024-11-06,5,127
2024-11-07,1,93
2024-11-07,2,109
2024-11-07,3,101
2024-11-07,4,138
2024-11-07,5,126
2024-11-08,1,90
2024-11-08,2,93
2024-11-08,3,83
2024-11-08,4,131
2024-11-08,5,140
2024-11-09,1,87
2024-11-09,2,101
2024-11-09,3,116
2024-11-09,4,101
2024-11-09,5,123
2024-11-10,1,97
2024-11-10,2,87
2024-11-10,3,113
2024-11-10,4,104
2024-11-10,5,136
2024-11-11,1,90
2024-11-11,2,84
2024-11-11,3,123
2024-11-11,4,111
2024-11-11,5,119
2024-11-12,1,92
2024-11-12,2,111
2024-11-12,3,99
2024-11-12,4,121
2024-11-12,5,136
2024-11-13,1,96
2024-11-13,2,102
2024-11-13,3,106
2024-11-13,4,110
2024-11-13,5,131
2024-11-14,1,80
2024-11-14,2,71
2024-11-14,3,115
2024-11-14,4,131
2024-11-14,5,99
2024-11-15,1,81
2024-11-15,2,106
2024-11-15,3,133
2024-11-15,4,120
2024-11-15,5,121
2024-11-16,1,88
2024-11-16,2,114
2024-11-16,3,103
2024-11-16,4,110
2024-11-16,5,124
2024-11-17,1,81
2024-11-17,2,101
2024-11-17,3,128
2024-11-17,4,124
2024-11-17,5,127
2024-11-18,1,87
2024-11-18,2,84
2024-11-18,3,120
2024-11-18,4,119
2024-11-18,5,128
2024-11-19,1,119
2024-11-19,2,103
2024-11-19,3,102
2024-11-19,4,115
2024-11-19,5,145
2024-11-20,1,91
2024-11-20,2,86
2024-11-20,3,120
2024-11-20,4,112
2024-11-20,5,154
2024-11-21,1,100
2024-11-21,2,96
2024-11-21,3,124
2024-11-21,4,121
2024-11-21,5,141
2024-11-22,1,94
2024-11-22,2,92
2024-11-22,3,103
2024-11-22,4,132
2024-11-22,5,126
2024-11-23,1,86
2024-11-23,2,90
2024-11-23,3,115
2024-11-23,4,145
2024-11-23,5,116
2024-11-24,1,90
2024-11-24,2,114
2024-11-24,3,109
2024-11-24,4,125
2024-11-24,5,116
2024-11-25,1,94
2024-11-25,2,98
2024-11-25,3,121
2024-11-25,4,134
2024-11-25,5,164
2024-11-26,1,95
2024-11-26,2,103
2024-11-26,3,112
2024-11-26,4,116
2024-11-26,5,134
2024-11-27,1,87
2024-11-27,2,102
2024-11-27,3,124
2024-11-27,4,108
2024-11-27,5,145
2024-11-28,1,102
2024-11-28,2,99
2024-11-28,3,87
2024-11-28,4,113
2024-11-28,5,147
2024-11-29,1,90
2024-11-29,2,90
2024-11-29,3,104
2024-11-29,4,130
2024-11-29,5,137
2024-11-30,1,88
2024-11-30,2,96
2024-11-30,3,106
2024-11-30,4,109
2024-11-30,5,151
2024-12-01,1,109
2024-12-01,2,140
2024-12-01,3,158
2024-12-01,4,165
2024-12-01,5,155
2024-12-02,1,117
2024-12-02,2,125
2024-12-02,3,125
2024-12-02,4,155
2024-12-02,5,143
2024-12-03,1,126
2024-12-03,2,119
2024-12-03,3,140
2024-12-03,4,154
2024-12-03,5,158
2024-12-04,1,119
2024-12-04,2,119
2024-12-04,3,149
2024-12-04,4,130
2024-12-04,5,165
2024-12-05,1,134
2024-12-05,2,112
2024-12-05,3,128
2024-12-05,4,158
2024-12-05,5,165
2024-12-06,1,116
2024-12-06,2,131
2024-12-06,3,146
2024-12-06,4,167
2024-12-06,5,169
2024-12-07,1,110
2024-12-07,2,133
2024-12-07,3,164
2024-12-07,4,148
2024-12-07,5,147
2024-12-08,1,125
2024-12-08,2,123
2024-12-08,3,108
2024-12-08,4,163
2024-12-08,5,154
2024-12-09,1,111
2024-12-09,2,129
2024-12-09,3,140
2024-12-09,4,161
2024-12-09,5,155
2024-12-10,1,118
2024-12-10,2,122
2024-12-10,3,148
2024-12-10,4,159
2024-12-10,5,147
2024-12-11,1,125
2024-12-11,2,118
2024-12-11,3,149
2024-12-11,4,156
2024-12-11,5,192
2024-12-12,1,110
2024-12-12,2,121
2024-12-12,3,137
2024-12-12,4,145
2024-12-12,5,175
2024-12-13,1,94
2024-12-13,2,112
2024-12-13,3,123
2024-12-13,4,164
2024-12-13,5,190
2024-12-14,1,111
2024-12-14,2,123
2024-12-14,3,138
2024-12-14,4,167
2024-12-14,5,147
2024-12-15,1,115
2024-12-15,2,137
2024-12-15,3,144
2024-12-15,4,153
2024-12-15,5,179
2024-12-16,1,82
2024-12-16,2,133
2024-12-16,3,129
2024-12-16,4,123
2024-12-16,5,171
2024-12-17,1,128
2024-12-17,2,123
2024-12-17,3,151
2024-12-17,4,174
2024-12-17,5,184
2024-12-18,1,131
2024-12-18,2,134
2024-12-18,3,139
2024-12-18,4,126
2024-12-18,5,159
2024-12-19,1,103
2024-12-19,2,152
2024-12-19,3,135
2024-12-19,4,152
2024-12-19,5,171
2024-12-20,1,113
2024-12-20,2,146
2024-12-20,3,129
2024-12-20,4,153
2024-12-20,5,150
2024-12-21,1,98
2024-12-21,2,117
2024-12-21,3,137
2024-12-21,4,144
2024-12-21,5,151
2024-12-22,1,97
2024-12-22,2,124
2024-12-22,3,117
2024-12-22,4,161
2024-12-22,5,164
2024-12-23,1,96
2024-12-23,2,121
2024-12-23,3,127
2024-12-23,4,155
2024-12-23,5,184
2024-12-24,1,91
2024-12-24,2,126
2024-12-24,3,135
2024-12-24,4,160
2024-12-24,5,166
2024-12-25,1,104
2024-12-25,2,121
2024-12-25,3,127
2024-12-25,4,166
2024-12-25,5,163
2024-12-26,1,134
2024-12-26,2,124
2024-12-26,3,128
2024-12-26,4,127
2024-12-26,5,133
2024-12-27,1,95
2024-12-27,2,128
2024-12-27,3,144
2024-12-27,4,126
2024-12-27,5,177
2024-12-28,1,107
2024-12-28,2,127
2024-12-28,3,160
2024-12-28,4,163
2024-12-28,5,158
2024-12-29,1,102
2024-12-29,2,98
2024-12-29,3,128
2024-12-29,4,147
2024-12-29,5,146
2024-12-30,1,111
2024-12-30,2,126
2024-12-30,3,134
2024-12-30,4,140
2024-12-30,5,165
2024-12-31,1,117
2024-12-31,2,111
2024-12-31,3,157
2024-12-31,4,149
2024-12-31,5,163
2025-01-01,1,82
2025-01-01,2,87
2025-01-01,3,102
2025-01-01,4,105
2025-01-01,5,104
2025-01-02,1,79
2025-01-02,2,75
2025-01-02,3,95
2025-01-02,4,102
2025-01-02,5,108
2025-01-03,1,76
2025-01-03,2,69
2025-01-03,3,88
2025-01-03,4,103
2025-01-03,5,112
2025-01-04,1,69
2025-01-04,2,96
2025-01-04,3,85
2025-01-04,4,112
2025-01-04,5,115
2025-01-05,1,72
2025-01-05,2,100
2025-01-05,3,82
2025-01-05,4,111
2025-01-05,5,122
2025-01-06,1,71
2025-01-06,2,97
2025-01-06,3,91
2025-01-06,4,105
2025-01-06,5,113
2025-01-07,1,75
2025-01-07,2,92
2025-01-07,3,101
2025-01-07,4,84
2025-01-07,5,125
2025-01-08,1,64
2025-01-08,2,94
2025-01-08,3,104
2025-01-08,4,91
2025-01-08,5,106
2025-01-09,1,68
2025-01-09,2,83
2025-01-09,3,91
2025-01-09,4,110
2025-01-09,5,125
2025-01-10,1,87
2025-01-10,2,80
2025-01-10,3,92
2025-01-10,4,85
2025-01-10,5,102
2025-01-11,1,84
2025-01-11,2,99
2025-01-11,3,82
2025-01-11,4,96
2025-01-11,5,110
2025-01-12,1,79
2025-01-12,2,78
2025-01-12,3,97
2025-01-12,4,97
2025-01-12,5,110
2025-01-13,1,81
2025-01-13,2,85
2025-01-13,3,89
2025-01-13,4,101
2025-01-13,5,110
2025-01-14,1,74
2025-01-14,2,83
2025-01-14,3,108
2025-01-14,4,108
2025-01-14,5,107
2025-01-15,1,82
2025-01-15,2,82
2025-01-15,3,104
2025-01-15,4,106
2025-01-15,5,109
2025-01-16,1,80
2025-01-16,2,72
2025-01-16,3,83
2025-01-16,4,90
2025-01-16,5,112
2025-01-17,1,90
2025-01-17,2,104
2025-01-17,3,99
2025-01-17,4,107
2025-01-17,5,91
2025-01-18,1,72
2025-01-18,2,78
2025-01-18,3,88
2025-01-18,4,100
2025-01-18,5,105
2025-01-19,1,61
2025-01-19,2,91
2025-01-19,3,83
2025-01-19,4,104
2025-01-19,5,133
2025-01-20,1,69
2025-01-20,2,63
2025-01-20,3,91
2025-01-20,4,113
2025-01-20,5,132
2025-01-21,1,67
2025-01-21,2,89
2025-01-21,3,89
2025-01-21,4,101
2025-01-21,5,140
2025-01-22,1,65
2025-01-22,2,87
2025-01-22,3,98
2025-01-22,4,113
2025-01-22,5,112
2025-01-23,1,79
2025-01-23,2,82
2025-01-23,3,96
2025-01-23,4,98
2025-01-23,5,117
2025-01-24,1,74
2025-01-24,2,88
2025-01-24,3,93
2025-01-24,4,113
2025-01-24,5,110
2025-01-25,1,63
2025-01-25,2,96
2025-01-25,3,85
2025-01-25,4,95
2025-01-25,5,104
2025-01-26,1,87
2025-01-26,2,67
2025-01-26,3,123
2025-01-26,4,113
2025-01-26,5,113
2025-01-27,1,76
2025-01-27,2,87
2025-01-27,3,98
2025-01-27,4,109
2025-01-27,5,117
2025-01-28,1,77
2025-01-28,2,83
2025-01-28,3,92
2025-01-28,4,100
2025-01-28,5,123
2025-01-29,1,81
2025-01-29,2,60
2025-01-29,3,100
2025-01-29,4,104
2025-01-29,5,110
2025-01-30,1,74
2025-01-30,2,95
2025-01-30,3,102
2025-01-30,4,94
2025-01-30,5,115
2025-01-31,1,69
2025-01-31,2,73
2025-01-31,3,88
2025-01-31,4,111
2025-01-31,5,121
2025-02-01,1,95
2025-02-01,2,107
2025-02-01,3,116
2025-02-01,4,112
2025-02-01,5,136
2025-02-02,1,97
2025-02-02,2,108
2025-02-02,3,123
2025-02-02,4,128
2025-02-02,5,135
2025-02-03,1,100
2025-02-03,2,100
2025-02-03,3,100
2025-02-03,4,118
2025-02-03,5,120
2025-02-04,1,84
2025-02-04,2,99
2025-02-04,3,101
2025-02-04,4,116
2025-02-04,5,105
2025-02-05,1,92
2025-02-05,2,100
2025-02-05,3,101
2025-02-05,4,128
2025-02-05,5,142
2025-02-06,1,76
2025-02-06,2,92
2025-02-06,3,102
2025-02-06,4,109
2025-02-06,5,141
2025-02-07,1,88
2025-02-07,2,97
2025-02-07,3,88
2025-02-07,4,128
2025-02-07,5,114
2025-02-08,1,91
2025-02-08,2,103
2025-02-08,3,125
2025-02-08,4,104
2025-02-08,5,91
2025-02-09,1,92
2025-02-09,2,118
2025-02-09,3,124
2025-02-09,4,123
2025-02-09,5,124
2025-02-10,1,97
2025-02-10,2,90
2025-02-10,3,115
2025-02-10,4,126
2025-02-10,5,144
2025-02-11,1,115
2025-02-11,2,104
2025-02-11,3,104
2025-02-11,4,120
2025-02-11,5,107
2025-02-12,1,84
2025-02-12,2,96
2025-02-12,3,104
2025-02-12,4,122
2025-02-12,5,119
2025-02-13,1,100
2025-02-13,2,100
2025-02-13,3,110
2025-02-13,4,116
2025-02-13,5,132
2025-02-14,1,97
2025-02-14,2,91
2025-02-14,3,103
2025-02-14,4,116
2025-02-14,5,113
2025-02-15,1,83
2025-02-15,2,95
2025-02-15,3,120
2025-02-15,4,123
2025-02-15,5,133
2025-02-16,1,98
2025-02-16,2,99
2025-02-16,3,114
2025-02-16,4,119
2025-02-16,5,133
2025-02-17,1,85
2025-02-17,2,76
2025-02-17,3,109
2025-02-17,4,137
2025-02-17,5,142
2025-02-18,1,99
2025-02-18,2,112
2025-02-18,3,111
2025-02-18,4,122
2025-02-18,5,122
2025-02-19,1,87
2025-02-19,2,106
2025-02-19,3,123
2025-02-19,4,118
2025-02-19,5,124
2025-02-20,1,90
2025-02-20,2,106
2025-02-20,3,94
2025-02-20,4,92
2025-02-20,5,123
2025-02-21,1,79
2025-02-21,2,95
2025-02-21,3,108
2025-02-21,4,115
2025-02-21,5,149
2025-02-22,1,93
2025-02-22,2,103
2025-02-22,3,117
2025-02-22,4,106
2025-02-22,5,144
2025-02-23,1,89
2025-02-23,2,107
2025-02-23,3,98
2025-02-23,4,101
2025-02-23,5,141
2025-02-24,1,93
2025-02-24,2,91
2025-02-24,3,100
2025-02-24,4,134
2025-02-24,5,115
2025-02-25,1,105
2025-02-25,2,91
2025-02-25,3,117
2025-02-25,4,116
2025-02-25,5,138
2025-02-26,1,85
2025-02-26,2,98
2025-02-26,3,110
2025-02-26,4,108
2025-02-26,5,140
2025-02-27,1,85
2025-02-27,2,98
2025-02-27,3,99
2025-02-27,4,89
2025-02-27,5,128
2025-02-28,1,112
2025-02-28,2,108
2025-02-28,3,110
2025-02-28,4,117
2025-02-28,5,130
2025-03-01,1,95
2025-03-01,2,88
2025-03-01,3,122
2025-03-01,4,129
2025-03-01,5,139
2025-03-02,1,94
2025-03-02,2,100
2025-03-02,3,117
2025-03-02,4,127
2025-03-02,5,125
2025-03-03,1,85
2025-03-03,2,101
2025-03-03,3,127
2025-03-03,4,105
2025-03-03,5,111
2025-03-04,1,91
2025-03-04,2,101
2025-03-04,3,112
2025-03-04,4,123
2025-03-04,5,127
2025-03-05,1,103
2025-03-05,2,84
2025-03-05,3,101
2025-03-05,4,119
2025-03-05,5,109
2025-03-06,1,88
2025-03-06,2,117
2025-03-06,3,110
2025-03-06,4,123
2025-03-06,5,114
2025-03-07,1,84
2025-03-07,2,96
2025-03-07,3,107
2025-03-07,4,135
2025-03-07,5,137
2025-03-08,1,80
2025-03-08,2,102
2025-03-08,3,115
2025-03-08,4,134
2025-03-08,5,151
2025-03-09,1,81
2025-03-09,2,92
2025-03-09,3,96
2025-03-09,4,117
2025-03-09,5,136
2025-03-10,1,99
2025-03-10,2,99
2025-03-10,3,106
2025-03-10,4,122
2025-03-10,5,119
2025-03-11,1,109
2025-03-11,2,84
2025-03-11,3,112
2025-03-11,4,144
2025-03-11,5,130
2025-03-12,1,88
2025-03-12,2,96
2025-03-12,3,108
2025-03-12,4,136
2025-03-12,5,101
2025-03-13,1,104
2025-03-13,2,86
2025-03-13,3,107
2025-03-13,4,115
2025-03-13,5,138
2025-03-14,1,76
2025-03-14,2,105
2025-03-14,3,132
2025-03-14,4,104
2025-03-14,5,132
2025-03-15,1,84
2025-03-15,2,104
2025-03-15,3,110
2025-03-15,4,112
2025-03-15,5,136
2025-03-16,1,106
2025-03-16,2,98
2025-03-16,3,118
2025-03-16,4,104
2025-03-16,5,118
2025-03-17,1,94
2025-03-17,2,115
2025-03-17,3,114
2025-03-17,4,116
2025-03-17,5,130
2025-03-18,1,79
2025-03-18,2,106
2025-03-18,3,120
2025-03-18,4,115
2025-03-18,5,124
2025-03-19,1,92
2025-03-19,2,96
2025-03-19,3,109
2025-03-19,4,145
2025-03-19,5,127
2025-03-20,1,87
2025-03-20,2,94
2025-03-20,3,118
2025-03-20,4,118
2025-03-20,5,122
2025-03-21,1,102
2025-03-21,2,114
2025-03-21,3,103
2025-03-21,4,98
2025-03-21,5,143
2025-03-22,1,84
2025-03-22,2,108
2025-03-22,3,88
2025-03-22,4,131
2025-03-22,5,114
2025-03-23,1,97
2025-03-23,2,100
2025-03-23,3,100
2025-03-23,4,115
2025-03-23,5,139
2025-03-24,1,91
2025-03-24,2,106
2025-03-24,3,132
2025-03-24,4,101
2025-03-24,5,151
2025-03-25,1,91
2025-03-25,2,91
2025-03-25,3,95
2025-03-25,4,118
2025-03-25,5,142
2025-03-26,1,89
2025-03-26,2,115
2025-03-26,3,94
2025-03-26,4,120
2025-03-26,5,114
2025-03-27,1,93
2025-03-27,2,109
2025-03-27,3,105
2025-03-27,4,89
2025-03-27,5,133
2025-03-28,1,94
2025-03-28,2,104
2025-03-28,3,124
2025-03-28,4,107
2025-03-28,5,139
2025-03-29,1,101
2025-03-29,2,82
2025-03-29,3,114
2025-03-29,4,114
2025-03-29,5,129
2025-03-30,1,93
2025-03-30,2,95
2025-03-30,3,103
2025-03-30,4,120
2025-03-30,5,116
2025-03-31,1,80
2025-03-31,2,107
2025-03-31,3,97
2025-03-31,4,128
2025-03-31,5,136
2025-04-01,1,74
2025-04-01,2,93
2025-04-01,3,123
2025-04-01,4,108
2025-04-01,5,124
2025-04-02,1,94
2025-04-02,2,108
2025-04-02,3,107
2025-04-02,4,113
2025-04-02,5,148
2025-04-03,1,106
2025-04-03,2,110
2025-04-03,3,111
2025-04-03,4,110
2025-04-03,5,119
2025-04-04,1,95
2025-04-04,2,104
2025-04-04,3,125
2025-04-04,4,128
2025-04-04,5,110
2025-04-05,1,99
2025-04-05,2,90
2025-04-05,3,106
2025-04-05,4,123
2025-04-05,5,156
2025-04-06,1,118
2025-04-06,2,106
2025-04-06,3,108
2025-04-06,4,126
2025-04-06,5,142
2025-04-07,1,87
2025-04-07,2,118
2025-04-07,3,113
2025-04-07,4,126
2025-04-07,5,139
2025-04-08,1,94
2025-04-08,2,108
2025-04-08,3,103
2025-04-08,4,113
2025-04-08,5,116
2025-04-09,1,94
2025-04-09,2,108
2025-04-09,3,115
2025-04-09,4,140
2025-04-09,5,130
2025-04-10,1,96
2025-04-10,2,89
2025-04-10,3,106
2025-04-10,4,128
2025-04-10,5,141
2025-04-11,1,87
2025-04-11,2,99
2025-04-11,3,93
2025-04-11,4,116
2025-04-11,5,142
2025-04-12,1,95
2025-04-12,2,105
2025-04-12,3,111
2025-04-12,4,120
2025-04-12,5,121
2025-04-13,1,96
2025-04-13,2,104
2025-04-13,3,115
2025-04-13,4,114
2025-04-13,5,102
2025-04-14,1,100
2025-04-14,2,95
2025-04-14,3,101
2025-04-14,4,128
2025-04-14,5,125
2025-04-15,1,100
2025-04-15,2,106
2025-04-15,3,118
2025-04-15,4,104
2025-04-15,5,146
2025-04-16,1,92
2025-04-16,2,96
2025-04-16,3,112
2025-04-16,4,99
2025-04-16,5,135
2025-04-17,1,81
2025-04-17,2,86
2025-04-17,3,93
2025-04-17,4,133
2025-04-17,5,122
2025-04-18,1,104
2025-04-18,2,95
2025-04-18,3,91
2025-04-18,4,107
2025-04-18,5,146
2025-04-19,1,89
2025-04-19,2,95
2025-04-19,3,112
2025-04-19,4,126
2025-04-19,5,145
2025-04-20,1,103
2025-04-20,2,96
2025-04-20,3,95
2025-04-20,4,115
2025-04-20,5,133
2025-04-21,1,81
2025-04-21,2,90
2025-04-21,3,114
2025-04-21,4,119
2025-04-21,5,130
2025-04-22,1,83
2025-04-22,2,98
2025-04-22,3,100
2025-04-22,4,131
2025-04-22,5,143
2025-04-23,1,73
2025-04-23,2,91
2025-04-23,3,94
2025-04-23,4,112
2025-04-23,5,129
2025-04-24,1,77
2025-04-24,2,91
2025-04-24,3,99
2025-04-24,4,122
2025-04-24,5,131
2025-04-25,1,84
2025-04-25,2,102
2025-04-25,3,104
2025-04-25,4,117
2025-04-25,5,152
2025-04-26,1,102
2025-04-26,2,87
2025-04-26,3,119
2025-04-26,4,130
2025-04-26,5,115
2025-04-27,1,97
2025-04-27,2,115
2025-04-27,3,98
2025-04-27,4,109
2025-04-27,5,143
2025-04-28,1,92
2025-04-28,2,106
2025-04-28,3,114
2025-04-28,4,125
2025-04-28,5,113
2025-04-29,1,99
2025-04-29,2,112
2025-04-29,3,107
2025-04-29,4,119
2025-04-29,5,110
2025-04-30,1,95
2025-04-30,2,106
2025-04-30,3,109
2025-04-30,4,133
2025-04-30,5,126
2025-05-01,1,95
2025-05-01,2,90
2025-05-01,3,110
2025-05-01,4,118
2025-05-01,5,133
2025-05-02,1,87
2025-05-02,2,99
2025-05-02,3,119
2025-05-02,4,115
2025-05-02,5,109
2025-05-03,1,106
2025-05-03,2,114
2025-05-03,3,96
2025-05-03,4,128
2025-05-03,5,123
2025-05-04,1,92
2025-05-04,2,103
2025-05-04,3,107
2025-05-04,4,111
2025-05-04,5,121
2025-05-05,1,82
2025-05-05,2,92
2025-05-05,3,109
2025-05-05,4,111
2025-05-05,5,139
2025-05-06,1,103
2025-05-06,2,94
2025-05-06,3,113
2025-05-06,4,126
2025-05-06,5,136
2025-05-07,1,91
2025-05-07,2,107
2025-05-07,3,115
2025-05-07,4,105
2025-05-07,5,141
2025-05-08,1,98
2025-05-08,2,92
2025-05-08,3,110
2025-05-08,4,128
2025-05-08,5,127
2025-05-09,1,100
2025-05-09,2,124
2025-05-09,3,101
2025-05-09,4,103
2025-05-09,5,134
2025-05-10,1,96
2025-05-10,2,98
2025-05-10,3,126
2025-05-10,4,104
2025-05-10,5,139
2025-05-11,1,85
2025-05-11,2,117
2025-05-11,3,132
2025-05-11,4,111
2025-05-11,5,123
2025-05-12,1,98
2025-05-12,2,96
2025-05-12,3,110
2025-05-12,4,120
2025-05-12,5,105
2025-05-13,1,90
2025-05-13,2,93
2025-05-13,3,105
2025-05-13,4,137
2025-05-13,5,114
2025-05-14,1,97
2025-05-14,2,97
2025-05-14,3,107
2025-05-14,4,129
2025-05-14,5,134
2025-05-15,1,95
2025-05-15,2,110
2025-05-15,3,106
2025-05-15,4,113
2025-05-15,5,116
2025-05-16,1,83
2025-05-16,2,129
2025-05-16,3,124
2025-05-16,4,104
2025-05-16,5,113
2025-05-17,1,94
2025-05-17,2,105
2025-05-17,3,116
2025-05-17,4,117
2025-05-17,5,128
2025-05-18,1,93
2025-05-18,2,101
2025-05-18,3,86
2025-05-18,4,117
2025-05-18,5,119
2025-05-19,1,92
2025-05-19,2,130
2025-05-19,3,114
2025-05-19,4,116
2025-05-19,5,142
2025-05-20,1,94
2025-05-20,2,104
2025-05-20,3,117
2025-05-20,4,145
2025-05-20,5,115
2025-05-21,1,94
2025-05-21,2,91
2025-05-21,3,116
2025-05-21,4,109
2025-05-21,5,125
2025-05-22,1,87
2025-05-22,2,110
2025-05-22,3,120
2025-05-22,4,105
2025-05-22,5,131
2025-05-23,1,84
2025-05-23,2,87
2025-05-23,3,108
2025-05-23,4,116
2025-05-23,5,162
2025-05-24,1,94
2025-05-24,2,86
2025-05-24,3,104
2025-05-24,4,132
2025-05-24,5,157
2025-05-25,1,76
2025-05-25,2,81
2025-05-25,3,131
2025-05-25,4,125
2025-05-25,5,119
2025-05-26,1,95
2025-05-26,2,74
2025-05-26,3,110
2025-05-26,4,124
2025-05-26,5,142
2025-05-27,1,81
2025-05-27,2,101
2025-05-27,3,100
2025-05-27,4,123
2025-05-27,5,118
2025-05-28,1,86
2025-05-28,2,90
2025-05-28,3,117
2025-05-28,4,130
2025-05-28,5,127
2025-05-29,1,90
2025-05-29,2,86
2025-05-29,3,107
2025-05-29,4,119
2025-05-29,5,164
2025-05-30,1,80
2025-05-30,2,115
2025-05-30,3,121
2025-05-30,4,123
2025-05-30,5,153
2025-05-31,1,93
2025-05-31,2,104
2025-05-31,3,109
2025-05-31,4,135
2025-05-31,5,144
2025-06-01,1,84
2025-06-01,2,87
2025-06-01,3,108
2025-06-01,4,110
2025-06-01,5,129
2025-06-02,1,101
2025-06-02,2,95
2025-06-02,3,110
2025-06-02,4,121
2025-06-02,5,141
2025-06-03,1,70
2025-06-03,2,94
2025-06-03,3,112
2025-06-03,4,134
2025-06-03,5,124
2025-06-04,1,73
2025-06-04,2,106
2025-06-04,3,103
2025-06-04,4,106
2025-06-04,5,122
2025-06-05,1,88
2025-06-05,2,94
2025-06-05,3,86
2025-06-05,4,131
2025-06-05,5,147
2025-06-06,1,96
2025-06-06,2,89
2025-06-06,3,108
2025-06-06,4,120
2025-06-06,5,138
2025-06-07,1,96
2025-06-07,2,93
2025-06-07,3,111
2025-06-07,4,125
2025-06-07,5,149
2025-06-08,1,96
2025-06-08,2,108
2025-06-08,3,111
2025-06-08,4,137
2025-06-08,5,135
2025-06-09,1,82
2025-06-09,2,114
2025-06-09,3,118
2025-06-09,4,115
2025-06-09,5,124
2025-06-10,1,93
2025-06-10,2,105
2025-06-10,3,112
2025-06-10,4,124
2025-06-10,5,152
2025-06-11,1,100
2025-06-11,2,102
2025-06-11,3,120
2025-06-11,4,108
2025-06-11,5,135
2025-06-12,1,106
2025-06-12,2,98
2025-06-12,3,101
2025-06-12,4,112
2025-06-12,5,116
2025-06-13,1,83
2025-06-13,2,96
2025-06-13,3,95
2025-06-13,4,120
2025-06-13,5,142
2025-06-14,1,82
2025-06-14,2,115
2025-06-14,3,116
2025-06-14,4,132
2025-06-14,5,121
2025-06-15,1,98
2025-06-15,2,89
2025-06-15,3,120
2025-06-15,4,122
2025-06-15,5,137
2025-06-16,1,79
2025-06-16,2,91
2025-06-16,3,117
2025-06-16,4,109
2025-06-16,5,136
2025-06-17,1,78
2025-06-17,2,108
2025-06-17,3,96
2025-06-17,4,127
2025-06-17,5,138
2025-06-18,1,84
2025-06-18,2,106
2025-06-18,3,113
2025-06-18,4,114
2025-06-18,5,117
2025-06-19,1,72
2025-06-19,2,103
2025-06-19,3,93
2025-06-19,4,121
2025-06-19,5,127
2025-06-20,1,96
2025-06-20,2,97
2025-06-20,3,106
2025-06-20,4,129
2025-06-20,5,134
2025-06-21,1,93
2025-06-21,2,105
2025-06-21,3,93
2025-06-21,4,129
2025-06-21,5,138
2025-06-22,1,81
2025-06-22,2,98
2025-06-22,3,110
2025-06-22,4,118
2025-06-22,5,134
2025-06-23,1,103
2025-06-23,2,111
2025-06-23,3,96
2025-06-23,4,127
2025-06-23,5,147
2025-06-24,1,93
2025-06-24,2,111
2025-06-24,3,132
2025-06-24,4,132
2025-06-24,5,133
2025-06-25,1,99
2025-06-25,2,101
2025-06-25,3,110
2025-06-25,4,116
2025-06-25,5,150
2025-06-26,1,83
2025-06-26,2,115
2025-06-26,3,115
2025-06-26,4,103
2025-06-26,5,135
2025-06-27,1,71
2025-06-27,2,106
2025-06-27,3,120
2025-06-27,4,113
2025-06-27,5,132
2025-06-28,1,108
2025-06-28,2,95
2025-06-28,3,98
2025-06-28,4,138
2025-06-28,5,156
2025-06-29,1,90
2025-06-29,2,110
2025-06-29,3,125
2025-06-29,4,111
2025-06-29,5,124
2025-06-30,1,101
2025-06-30,2,117
2025-06-30,3,116
2025-06-30,4,109
2025-06-30,5,156
2025-07-01,1,94
2025-07-01,2,106
2025-07-01,3,125
2025-07-01,4,153
2025-07-01,5,155
2025-07-02,1,103
2025-07-02,2,115
2025-07-02,3,122
2025-07-02,4,139
2025-07-02,5,107
2025-07-03,1,96
2025-07-03,2,113
2025-07-03,3,107
2025-07-03,4,137
2025-07-03,5,140
2025-07-04,1,116
2025-07-04,2,127
2025-07-04,3,115
2025-07-04,4,130
2025-07-04,5,142
2025-07-05,1,95
2025-07-05,2,112
2025-07-05,3,112
2025-07-05,4,117
2025-07-05,5,152
2025-07-06,1,105
2025-07-06,2,101
2025-07-06,3,132
2025-07-06,4,124
2025-07-06,5,147
2025-07-07,1,107
2025-07-07,2,110
2025-07-07,3,127
2025-07-07,4,125
2025-07-07,5,140
2025-07-08,1,97
2025-07-08,2,102
2025-07-08,3,119
2025-07-08,4,112
2025-07-08,5,136
2025-07-09,1,96
2025-07-09,2,107
2025-07-09,3,118
2025-07-09,4,131
2025-07-09,5,150
2025-07-10,1,108
2025-07-10,2,103
2025-07-10,3,106
2025-07-10,4,118
2025-07-10,5,136
2025-07-11,1,96
2025-07-11,2,102
2025-07-11,3,105
2025-07-11,4,126
2025-07-11,5,146
2025-07-12,1,105
2025-07-12,2,104
2025-07-12,3,116
2025-07-12,4,120
2025-07-12,5,143
2025-07-13,1,91
2025-07-13,2,116
2025-07-13,3,99
2025-07-13,4,127
2025-07-13,5,147
2025-07-14,1,101
2025-07-14,2,140
2025-07-14,3,125
2025-07-14,4,119
2025-07-14,5,142
2025-07-15,1,81
2025-07-15,2,109
2025-07-15,3,111
2025-07-15,4,144
2025-07-15,5,135
2025-07-16,1,113
2025-07-16,2,118
2025-07-16,3,142
2025-07-16,4,128
2025-07-16,5,169
2025-07-17,1,123
2025-07-17,2,133
2025-07-17,3,125
2025-07-17,4,137
2025-07-17,5,115
2025-07-18,1,111
2025-07-18,2,137
2025-07-18,3,120
2025-07-18,4,113
2025-07-18,5,142
2025-07-19,1,133
2025-07-19,2,142
2025-07-19,3,120
2025-07-19,4,145
2025-07-19,5,138
2025-07-20,1,94
2025-07-20,2,115
2025-07-20,3,140
2025-07-20,4,128
2025-07-20,5,140
2025-07-21,1,110
2025-07-21,2,151
2025-07-21,3,141
2025-07-21,4,161
2025-07-21,5,141
2025-07-22,1,117
2025-07-22,2,107
2025-07-22,3,139
2025-07-22,4,117
2025-07-22,5,146
2025-07-23,1,101
2025-07-23,2,119
2025-07-23,3,111
2025-07-23,4,124
2025-07-23,5,135
2025-07-24,1,108
2025-07-24,2,137
2025-07-24,3,108
2025-07-24,4,135
2025-07-24,5,160
2025-07-25,1,108
2025-07-25,2,117
2025-07-25,3,118
2025-07-25,4,148
2025-07-25,5,146
2025-07-26,1,108
2025-07-26,2,133
2025-07-26,3,108
2025-07-26,4,141
2025-07-26,5,149
2025-07-27,1,110
2025-07-27,2,116
2025-07-27,3,110
2025-07-27,4,139
2025-07-27,5,161
2025-07-28,1,107
2025-07-28,2,132
2025-07-28,3,96
2025-07-28,4,124
2025-07-28,5,143
2025-07-29,1,103
2025-07-29,2,115
2025-07-29,3,113
2025-07-29,4,136
2025-07-29,5,140
2025-07-30,1,88
2025-07-30,2,100
2025-07-30,3,114
2025-07-30,4,138
2025-07-30,5,104
2025-07-31,1,108
2025-07-31,2,120
2025-07-31,3,138
2025-07-31,4,127
2025-07-31,5,148
2025-08-01,1,105
2025-08-01,2,90
2025-08-01,3,118
2025-08-01,4,123
2025-08-01,5,137
2025-08-02,1,144
2025-08-02,2,91
2025-08-02,3,129
2025-08-02,4,117
2025-08-02,5,134
2025-08-03,1,103
2025-08-03,2,110
2025-08-03,3,104
2025-08-03,4,124
2025-08-03,5,110
2025-08-04,1,111
2025-08-04,2,110
2025-08-04,3,98
2025-08-04,4,115
2025-08-04,5,146
2025-08-05,1,98
2025-08-05,2,119
2025-08-05,3,102
2025-08-05,4,129
2025-08-05,5,139
2025-08-06,1,123
2025-08-06,2,113
2025-08-06,3,117
2025-08-06,4,121
2025-08-06,5,147
2025-08-07,1,96
2025-08-07,2,124
2025-08-07,3,108
2025-08-07,4,119
2025-08-07,5,131
2025-08-08,1,106
2025-08-08,2,114
2025-08-08,3,112
2025-08-08,4,139
2025-08-08,5,143
2025-08-09,1,112
2025-08-09,2,110
2025-08-09,3,100
2025-08-09,4,131
2025-08-09,5,141
2025-08-10,1,119
2025-08-10,2,108
2025-08-10,3,107
2025-08-10,4,100
2025-08-10,5,125
2025-08-11,1,114
2025-08-11,2,110
2025-08-11,3,117
2025-08-11,4,118
2025-08-11,5,134
2025-08-12,1,92
2025-08-12,2,116
2025-08-12,3,77
2025-08-12,4,118
2025-08-12,5,109
2025-08-13,1,116
2025-08-13,2,124
2025-08-13,3,115
2025-08-13,4,138
2025-08-13,5,118
2025-08-14,1,122
2025-08-14,2,126
2025-08-14,3,107
2025-08-14,4,134
2025-08-14,5,116
2025-08-15,1,95
2025-08-15,2,108
2025-08-15,3,104
2025-08-15,4,107
2025-08-15,5,146
2025-08-16,1,101
2025-08-16,2,119
2025-08-16,3,104
2025-08-16,4,98
2025-08-16,5,134
2025-08-17,1,84
2025-08-17,2,114
2025-08-17,3,95
2025-08-17,4,144
2025-08-17,5,142
2025-08-18,1,105
2025-08-18,2,130
2025-08-18,3,101
2025-08-18,4,127
2025-08-18,5,133
2025-08-19,1,106
2025-08-19,2,130
2025-08-19,3,118
2025-08-19,4,123
2025-08-19,5,108
2025-08-20,1,94
2025-08-20,2,114
2025-08-20,3,111
2025-08-20,4,106
2025-08-20,5,161
2025-08-21,1,119
2025-08-21,2,122
2025-08-21,3,111
2025-08-21,4,117
2025-08-21,5,118
2025-08-22,1,104
2025-08-22,2,118
2025-08-22,3,96
2025-08-22,4,124
2025-08-22,5,128
2025-08-23,1,84
2025-08-23,2,105
2025-08-23,3,105
2025-08-23,4,143
2025-08-23,5,137
2025-08-24,1,90
2025-08-24,2,121
2025-08-24,3,93
2025-08-24,4,133
2025-08-24,5,124
2025-08-25,1,103
2025-08-25,2,130
2025-08-25,3,96
2025-08-25,4,103
2025-08-25,5,122
2025-08-26,1,114
2025-08-26,2,98
2025-08-26,3,79
2025-08-26,4,115
2025-08-26,5,137
2025-08-27,1,116
2025-08-27,2,110
2025-08-27,3,105
2025-08-27,4,134
2025-08-27,5,106
2025-08-28,1,99
2025-08-28,2,117
2025-08-28,3,115
2025-08-28,4,114
2025-08-28,5,130
2025-08-29,1,78
2025-08-29,2,107
2025-08-29,3,115
2025-08-29,4,108
2025-08-29,5,131
2025-08-30,1,108
2025-08-30,2,111
2025-08-30,3,112
2025-08-30,4,108
2025-08-30,5,127
2025-08-31,1,110
2025-08-31,2,117
2025-08-31,3,104
2025-08-31,4,123
2025-08-31,5,139
2025-09-01,1,82
2025-09-01,2,128
2025-09-01,3,106
2025-09-01,4,125
2025-09-01,5,146
2025-09-02,1,89
2025-09-02,2,107
2025-09-02,3,107
2025-09-02,4,111
2025-09-02,5,153
2025-09-03,1,95
2025-09-03,2,109
2025-09-03,3,112
2025-09-03,4,106
2025-09-03,5,125
2025-09-04,1,107
2025-09-04,2,111
2025-09-04,3,109
2025-09-04,4,114
2025-09-04,5,110
2025-09-05,1,107
2025-09-05,2,135
2025-09-05,3,110
2025-09-05,4,123
2025-09-05,5,139
2025-09-06,1,90
2025-09-06,2,135
2025-09-06,3,112
2025-09-06,4,140
2025-09-06,5,120
2025-09-07,1,122
2025-09-07,2,124
2025-09-07,3,116
2025-09-07,4,123
2025-09-07,5,127
2025-09-08,1,116
2025-09-08,2,117
2025-09-08,3,88
2025-09-08,4,107
2025-09-08,5,128
2025-09-09,1,107
2025-09-09,2,114
2025-09-09,3,123
2025-09-09,4,97
2025-09-09,5,132
2025-09-10,1,85
2025-09-10,2,124
2025-09-10,3,109
2025-09-10,4,125
2025-09-10,5,119
2025-09-11,1,117
2025-09-11,2,127
2025-09-11,3,116
2025-09-11,4,118
2025-09-11,5,138
2025-09-12,1,96
2025-09-12,2,125
2025-09-12,3,128
2025-09-12,4,133
2025-09-12,5,121
2025-09-13,1,107
2025-09-13,2,100
2025-09-13,3,116
2025-09-13,4,125
2025-09-13,5,106
2025-09-14,1,91
2025-09-14,2,112
2025-09-14,3,107
2025-09-14,4,105
2025-09-14,5,135
2025-09-15,1,106
2025-09-15,2,113
2025-09-15,3,102
2025-09-15,4,133
2025-09-15,5,152
2025-09-16,1,98
2025-09-16,2,108
2025-09-16,3,115
2025-09-16,4,116
2025-09-16,5,128
2025-09-17,1,111
2025-09-17,2,93
2025-09-17,3,125
2025-09-17,4,121
2025-09-17,5,125
2025-09-18,1,103
2025-09-18,2,115
2025-09-18,3,91
2025-09-18,4,138
2025-09-18,5,131
2025-09-19,1,108
2025-09-19,2,126
2025-09-19,3,99
2025-09-19,4,126
2025-09-19,5,127
2025-09-20,1,112
2025-09-20,2,91
2025-09-20,3,109
2025-09-20,4,113
2025-09-20,5,136
2025-09-21,1,108
2025-09-21,2,107
2025-09-21,3,102
2025-09-21,4,119
2025-09-21,5,118
2025-09-22,1,112
2025-09-22,2,111
2025-09-22,3,78
2025-09-22,4,116
2025-09-22,5,116
2025-09-23,1,87
2025-09-23,2,101
2025-09-23,3,111
2025-09-23,4,136
2025-09-23,5,134
2025-09-24,1,97
2025-09-24,2,120
2025-09-24,3,105
2025-09-24,4,112
2025-09-24,5,115
2025-09-25,1,85
2025-09-25,2,111
2025-09-25,3,112
2025-09-25,4,119
2025-09-25,5,125
2025-09-26,1,94
2025-09-26,2,122
2025-09-26,3,96
2025-09-26,4,129
2025-09-26,5,117
2025-09-27,1,96
2025-09-27,2,98
2025-09-27,3,104
2025-09-27,4,132
2025-09-27,5,137
2025-09-28,1,114
2025-09-28,2,121
2025-09-28,3,98
2025-09-28,4,116
2025-09-28,5,120
2025-09-29,1,117
2025-09-29,2,101
2025-09-29,3,120
2025-09-29,4,131
2025-09-29,5,154
2025-09-30,1,99
2025-09-30,2,123
2025-09-30,3,135
2025-09-30,4,113
2025-09-30,5,110
